Posting Year,Job Title,Percentage
2023,director,1.5910430170889804
2023,other scientist,3.653506187389511
2023,machine learning engineer,4.949911608721273
2023,analyst,15.96935769004125
2023,data modeler,0.8249852681202121
2023,data analytics,32.35120801414261
2023,data scientist project manager,0.11785503830288745
2023,data scientist,8.839127872716558
2023,data engineer,31.703005303476722
