Posting Year,Job Title,Percentage
2017,director,3.130148270181219
2017,other scientist,3.6243822075782535
2017,machine learning engineer,3.6243822075782535
2017,analyst,4.7775947281713345
2017,data modeler,0.8237232289950577
2017,data analytics,15.650741350906095
2017,data scientist project manager,0.16474464579901155
2017,data scientist,49.75288303130148
2017,data engineer,18.451400329489292
